"永恒的终结","[美] 艾萨克・阿西莫夫","264","9.3","http://book.douban.com/subject/25829693/"
"编程精粹","Steve Maguire","256","9.0","http://book.douban.com/subject/3406939/"
"成为技术领导者","[美] 杰拉尔德・温伯格","246","8.4","http://book.douban.com/subject/1132623/"
"The Linux Programming Interface","Michael Kerrisk","1600","9.5","http://book.douban.com/subject/4292217/"
"Pro Git","Scott Chacon","288","9.1","http://book.douban.com/subject/3420144/"
"Pattern Recognition And Machine Learning","Christopher M. Bishop","738","9.6","http://book.douban.com/subject/2061116/"
"UNIX网络编程","史蒂文斯","848","9.5","http://book.douban.com/subject/1500149/"
"机器人短篇全集（上下）","（美）艾萨克・阿西莫夫","730","9.2","http://book.douban.com/subject/1391510/"
"改变未来的九大算法","[美] 约翰.麦考密克","247","7.8","http://book.douban.com/subject/24529132/"
"代码阅读","季奥米季斯・斯宾耐立思(Diomidis Spinellis)","402","7.5","http://book.douban.com/subject/11509671/"
"代码阅读方法与实践","斯平内利斯","326","7.0","http://book.douban.com/subject/1151672/"
"数学之美","吴军","304","8.8","http://book.douban.com/subject/10750155/"
"社会心理学","[美] 戴维・迈尔斯","504","9.0","http://book.douban.com/subject/1476651/"
"你一生的故事","[美] 特德・蒋","284","9.1","http://book.douban.com/subject/1187842/"
"UNIX环境高级编程","W.Richard Stevens","9787115147318","9.5","http://book.douban.com/subject/1788421/"
"格蠹汇编","张银奎","461","9.1","http://book.douban.com/subject/22994051/"
"洞穴奇案","(美)萨伯","171","9.1","http://book.douban.com/subject/3697494/"
"Web之困：现代Web应用安全指南","(美)Michal Zalewski","280","8.9","http://book.douban.com/subject/25733421/"
"视觉之旅：神奇的化学元素","[美] 西奥多・格雷(Theodore Gray)","240","8.9","http://book.douban.com/subject/5985153/"
"网站运维","阿尔斯帕瓦","283","8.3","http://book.douban.com/subject/6799555/"
"Python标准库","Doug Hellmann","1040","8.5","http://book.douban.com/subject/10773324/"
"Hadoop技术内幕","董西成","332","8.4","http://book.douban.com/subject/24375031/"
"无线网络安全攻防实战进阶","杨哲","585","","http://book.douban.com/subject/5380302/"
"创新与企业家精神","彼得・德鲁克","233","9.0","http://book.douban.com/subject/1951372/"
"Python自然语言处理","(英)伯德","479","8.3","http://book.douban.com/subject/5336893/"
"Python Cookbook","Alex Martelli","756","8.6","http://book.douban.com/subject/4828875/"
"A Byte of Python","Swaroop C H","149","8.8","http://book.douban.com/subject/5948760/"
"循序渐进Linux基础知识、服务器搭建、系统管理、性能调优、集群应用","高俊峰","424","7.7","http://book.douban.com/subject/4166071/"
"实用负载均衡技术","[英] Peter Membrey","221","6.3","http://book.douban.com/subject/24283910/"
"Python源码剖析","陈儒","480","8.6","http://book.douban.com/subject/3117898/"
"PHP核心技术与最佳实践","列旭松，陈文","522","8.1","http://book.douban.com/subject/20370984/"
"聪明的投资者","本杰明・格雷厄姆","459","9.1","http://book.douban.com/subject/5243775/"
"贪婪的大脑","【英】丹尼尔・博尔","272","7.9","http://book.douban.com/subject/25752076/"
"乔纳森传","利恩德・卡尼","324","7.3","http://book.douban.com/subject/25786645/"
"深入浅出Node.js","朴灵","332","8.7","http://book.douban.com/subject/25768396/"
"关键链","艾利・高德拉特","205","8.4","http://book.douban.com/subject/1464588/"
"金字塔原理","芭芭拉・明托","302","8.2","http://book.douban.com/subject/4882120/"
"麦肯锡方法","艾森・拉塞尔(Ethan M.Rasiel)","170","7.5","http://book.douban.com/subject/4238931/"
"高效能程序员的修炼","[美]Jeff Atwood","268","8.3","http://book.douban.com/subject/24868904/"
"未雨绸缪","董越","266","7.9","http://book.douban.com/subject/1687168/"
"一线架构师实践指南","温昱","186","7.1","http://book.douban.com/subject/4031899/"
"MySQL入门很简单","黄缙华","466","7.4","http://book.douban.com/subject/5450806/"
"C#字符串和正则表达式参考手册","(法国)林格等著、刘乐亭译","242","7.1","http://book.douban.com/subject/1247528/"
"jQuery攻略","B.M.Harwani","344","7.0","http://book.douban.com/subject/5290469/"
"信息简史","[美] 詹姆斯・格雷克","476","8.9","http://book.douban.com/subject/25752043/"
"如何改变世界","[美]戴维・伯恩斯坦","337","8.6","http://book.douban.com/subject/1780035/"
"Node即学即用","[英] Tom Hughes-Croucher","180","7.4","http://book.douban.com/subject/20515024/"
"史玉柱自述","优米网","264","8.1","http://book.douban.com/subject/24541955/"
"Android软件安全与逆向分析","丰生强","407","8.5","http://book.douban.com/subject/20556210/"
"Let Over Lambda","Doug Hoyte","384","8.3","http://book.douban.com/subject/3864436/"
"开发自己的搜索引擎--Lucene 2.0+Heriterx","邱哲","9787115160003","6.8","http://book.douban.com/subject/2041825/"
"盛大传奇","张路，吴比  著","211","6.8","http://book.douban.com/subject/1958243/"
"分众的蓝海","刘世英","262","6.6","http://book.douban.com/subject/1844920/"
"谁认识马云","刘世英彭征","230","6.8","http://book.douban.com/subject/1921361/"
"道路与梦想","王石","309","7.5","http://book.douban.com/subject/1464442/"
"苏宁","段传敏","288","6.9","http://book.douban.com/subject/2381343/"
"郭台铭与富士康","徐明天","300","6.6","http://book.douban.com/subject/2301456/"
"汽车“疯子”李书福","郑作时","271","7.3","http://book.douban.com/subject/2157165/"
"财报就像一本故事书","刘顺仁","278","7.8","http://book.douban.com/subject/2048893/"
"小艾上班记","陈艳红","227","8.6","http://book.douban.com/subject/6428387/"
"玩的就是会计","马靖昊","206","7.1","http://book.douban.com/subject/19977082/"
"投资决策中的心理博弈","[美] 大卫E阿德勒","248","6.9","http://book.douban.com/subject/5998633/"
"《Go it alone》单干！靠自己开创成功事业的秘诀","Bruce Judson","9789867204110","8.1","http://book.douban.com/subject/2346021/"
"这才是最牛团队","高级幕僚","236","7.6","http://book.douban.com/subject/4244274/"
"随意搜寻","Peter Morville","246","8.4","http://book.douban.com/subject/25746680/"
"三国机密（下）","马伯庸","378","8.0","http://book.douban.com/subject/11534920/"
"三国机密（上）","马伯庸","289","8.3","http://book.douban.com/subject/10464337/"
"具体数学","Ronald L.Graham","562","9.4","http://book.douban.com/subject/21323941/"
"深入理解计算机系统","Randal E.Bryant","873","9.5","http://book.douban.com/subject/1230413/"
"深入剖析Nginx","高群凯","334","7.2","http://book.douban.com/subject/23759678/"
"MySQL性能调优与架构设计","简朝阳","392","8.1","http://book.douban.com/subject/3729677/"
"MongoDB实战","[美] Kyle Banker","244","8.2","http://book.douban.com/subject/19977785/"
"深入PHP：面向对象、模式与实践（第2版）","Matt Zandstra","59","8.4","http://book.douban.com/subject/4746407/"
"细说PHP","高洛峰","649","7.9","http://book.douban.com/subject/4090200/"
"圈子圈套","王强","271","8.0","http://book.douban.com/subject/1433050/"
"玩法变了","胖胡斐","226","8.1","http://book.douban.com/subject/6999354/"
"大数据时代","[英] 维克托迈尔舍恩伯格（Viktor Mayer-Schnberger）","261","7.6","http://book.douban.com/subject/20429677/"
"深入理解Nginx","陶辉","584","8.3","http://book.douban.com/subject/22793675/"
"怪诞行为学","[美]艾瑞里","248","8.3","http://book.douban.com/subject/4929844/"
"我的妖怪培养计划","胡晓江","240","9.1","http://book.douban.com/subject/1118982/"
"淘宝十年产品事","苏杰","252","7.8","http://book.douban.com/subject/25732463/"
"可爱的Python","哲思社区","484","7.4","http://book.douban.com/subject/3884108/"
"雷军传","陈润","248","6.3","http://book.douban.com/subject/25715736/"
"拒绝平庸","李正曦","296","7.4","http://book.douban.com/subject/24890463/"
"CLR via C#","(美)Jeffrey Richter","777","9.6","http://book.douban.com/subject/4924165/"
"创业者手册","[美] 史蒂夫・布兰克","463","8.4","http://book.douban.com/subject/20453004/"
"创业36条军规","孙陶然","324","8.1","http://book.douban.com/subject/7054652/"
"思考的乐趣","顾森","266","8.3","http://book.douban.com/subject/10779597/"
"30天自制操作系统","[日] 川合秀实","710","8.5","http://book.douban.com/subject/11530329/"
"游戏改变世界","[美] 简麦戈尼格尔（Jane McGonigal）","345","8.3","http://book.douban.com/subject/10828002/"
"心理学与生活","[美] 理查德・格里格","621","8.7","http://book.douban.com/subject/1032501/"
"Head First PHP &amp; MySQL（中文版）","Lynn Beighley","774","8.7","http://book.douban.com/subject/6011680/"
"28岁赚千万","穷富弹指间","272","7.5","http://book.douban.com/subject/24845286/"
"小老板的生意经","老莫","205","7.7","http://book.douban.com/subject/4243081/"
"商业就是一场秀","[美]李勒菲弗","330","8.0","http://book.douban.com/subject/24863461/"
"Ruby元编程","[意] Paolo Perrotta","288","9.5","http://book.douban.com/subject/7056800/"
"我与商业领袖的合作与冲突","李玉琢","303","8.0","http://book.douban.com/subject/1786651/"
"简约至上","[英] Giles Colborne","188","8.5","http://book.douban.com/subject/5394309/"
"谁动了我的奶酪?","斯宾塞・约翰逊","105","7.8","http://book.douban.com/subject/4722180/"
"软件开发的科学与艺术","陈宏刚等","353","7.2","http://book.douban.com/subject/1001389/"
"微软的秘密","Michael  A. Cusuma/Richard  W. Selbyno","356","7.8","http://book.douban.com/subject/4220159/"
"华为真相","程东升","317","6.8","http://book.douban.com/subject/1063902/"
"人工智能的未来","Jeff Hawkins","258","8.9","http://book.douban.com/subject/1834728/"
"代码的未来","[日] 松本行弘","356","7.7","http://book.douban.com/subject/24536403/"
"软件测试的艺术","Glenford J. Myers","189","8.2","http://book.douban.com/subject/10549782/"
"明智行动的艺术","[德]罗尔夫多贝里（Rolf Dobelli）","209","7.9","http://book.douban.com/subject/24878420/"
"演说心理学","孙彦","222","8.0","http://book.douban.com/subject/19985901/"
"挑战程序设计竞赛（第2版）","秋叶拓哉","424","9.0","http://book.douban.com/subject/24749842/"
"JavaScript高级程序设计:第2版","Nicholas Zakas","600","9.3","http://book.douban.com/subject/4886879/"
"精通Web Analytics","(美国)(Avinash Kaushik)卡希克","349","7.5","http://book.douban.com/subject/3260737/"
"引爆流行","[美] 马尔科姆・格拉德威尔","223","8.0","http://book.douban.com/subject/1014964/"
"软件管理沉思录","[美] Watts S. Humphrey","217","7.6","http://book.douban.com/subject/10769761/"
"完成设计","[美] 蒂莫西・萨马拉 (Timothy Samara)","272","8.6","http://book.douban.com/subject/3336895/"
"大话设计模式","程杰","368","8.3","http://book.douban.com/subject/2334288/"
"思想的未来","（美）劳伦斯q莱斯格","277","8.2","http://book.douban.com/subject/1186899/"
"只有偏执狂才能生存","[美] 安迪・格鲁夫","227","7.7","http://book.douban.com/subject/1002474/"
"Head First Python（中文版）","巴里（Barry.P.）","457","8.3","http://book.douban.com/subject/10561367/"
"所有人问所有人","韩寒 监制","288","7.1","http://book.douban.com/subject/24754123/"
"人为什么会淹死在沙漠里？","【日】高木匾仓","208","7.7","http://book.douban.com/subject/24890744/"
"不懂拒绝的老好人","哈丽雅特 B.布莱克","260","7.7","http://book.douban.com/subject/6711978/"
"版本控制之道","Travis Swicegood","204","7.7","http://book.douban.com/subject/4813786/"
"Git权威指南","蒋鑫","595","8.1","http://book.douban.com/subject/6526452/"
"编译器设计","Keith Cooper","592","8.7","http://book.douban.com/subject/20436488/"
"计算机体系结构","[美] John L. Hennessy","595","9.4","http://book.douban.com/subject/20452387/"
"SQL语言艺术","[美] StéphaneFaroult，P","349","8.3","http://book.douban.com/subject/3012601/"
"大象","谭云杰","481","8.0","http://book.douban.com/subject/3290022/"
".NET大局观","David Chappell","400","7.3","http://book.douban.com/subject/1933068/"
"UNIX编程艺术","Eric S. Raymond","525","9.1","http://book.douban.com/subject/1467587/"
"算法导论","[美] Thomas H.Cormen","754","9.4","http://book.douban.com/subject/1885170/"
"移山之道","邹欣","372","7.5","http://book.douban.com/subject/3208694/"
"组织生存力","彼得・德鲁克","174","8.9","http://book.douban.com/subject/4124436/"
"优势谈判","罗杰・道森","274","8.7","http://book.douban.com/subject/3002878/"
"看谁在说谎","大卫・李柏曼","188","6.8","http://book.douban.com/subject/2367690/"
"亿万富翁想的和你不一样","（美）斯科特安德森 （Scot Anderson）","188","7.9","http://book.douban.com/subject/3932515/"
"富爸爸，穷爸爸","（美）罗伯特T清崎","205","8.2","http://book.douban.com/subject/1033778/"
"下一个倒下的会不会是华为","田涛","280","7.1","http://book.douban.com/subject/20283567/"
"驻京办招牌菜在家做","《驻京办招牌菜在家做》编写组","192","8.1","http://book.douban.com/subject/24714214/"
"编程语言实现模式","Terence Parr","388","8.3","http://book.douban.com/subject/10482195/"
"我最想要的记忆魔法书","多米尼克・奥布莱恩","248","8.0","http://book.douban.com/subject/6710983/"
"世界记忆大师教我的超强记忆法","郭玉峰","177","7.9","http://book.douban.com/subject/3001003/"
"机器学习","（美）Drew Conway","320","7.7","http://book.douban.com/subject/24251326/"
"机器学习实战","Peter Harrington","332","7.9","http://book.douban.com/subject/24703171/"
"图解TCP/IP : 第5版","[日]竹下隆史","328","7.6","http://book.douban.com/subject/24737674/"
"程序员的数学","结城浩","232","7.0","http://book.douban.com/subject/19949020/"
"数据掘金","谭磊","444","7.5","http://book.douban.com/subject/24718711/"
"从一到无穷大","[美] G. 伽莫夫","329","9.1","http://book.douban.com/subject/1102715/"
"发现之旅","托尼赖斯","348","9.0","http://book.douban.com/subject/10439064/"
"众妙之门","Smashing Magazine","422","8.6","http://book.douban.com/subject/23008807/"
"众妙之门","[德] Smashing Magazine","194","6.6","http://book.douban.com/subject/22704159/"
"我笨，所以我是老板","史考特亚当斯","172","7.9","http://book.douban.com/subject/1215683/"
"部落：一呼百应的力量","高汀 (Godin.S.)","237","7.2","http://book.douban.com/subject/3795574/"
"大规模Web服务开发技术","伊藤直也","336","8.1","http://book.douban.com/subject/6758780/"
"Joel谈优秀软件开发方法","Joel Spolsky","296","7.6","http://book.douban.com/subject/2193777/"
"精益软件开发艺术","Curt Hibbs","148","8.0","http://book.douban.com/subject/3781725/"
"程序设计实践","[美] Brian W. Kernighan","221","9.1","http://book.douban.com/subject/1173548/"
"轻松Scrum之旅","","","8.1","http://book.douban.com/subject/4201536/"
"JavaScript DOM编程艺术","Jeremy Keith","316","8.7","http://book.douban.com/subject/1921890/"
"超越LOGO设计","David Airey","191","8.2","http://book.douban.com/subject/5341100/"
"带上“我”找创意","【美】凯瑞.史密斯","201","7.4","http://book.douban.com/subject/4189127/"
"锋利的jQuery","单东林","347","8.1","http://book.douban.com/subject/3794471/"
"秩序之美","Vinh","172","8.1","http://book.douban.com/subject/6393626/"
"乔布斯产品圣经","[美]史蒂夫乔布斯 原话 [美]乔治比姆 整理","214","6.5","http://book.douban.com/subject/10558596/"
"信息之美","","","7.5","http://book.douban.com/subject/10749405/"
"时间，快与慢","[挪威]托马斯・H・埃里克森(Thomas H. Eriksen)","192","7.5","http://book.douban.com/subject/24706568/"
"算法（第4版）","塞奇威克 (Robert Sedgewick)","636","9.4","http://book.douban.com/subject/19952400/"
"CSS3实用指南","吉伦瓦特","252","8.2","http://book.douban.com/subject/10482084/"
"Web可用性设计","JakobNielsen","0","7.7","http://book.douban.com/subject/1087502/"
"快速软件开发","[美] 斯蒂夫・迈克康奈尔","470","8.5","http://book.douban.com/subject/1007738/"
"白帽子讲Web安全","吴翰清","432","8.3","http://book.douban.com/subject/10546925/"
"推理的迷宫","[美] 威廉姆・庞德斯通","331","8.7","http://book.douban.com/subject/1400030/"
"Visual Studio技术大全","Lars Powers","816","","http://book.douban.com/subject/3993610/"
"Android开发精要","范怀宇","335","8.4","http://book.douban.com/subject/11530748/"
"研究之美","[美] Donald E. Knuth","189","8.4","http://book.douban.com/subject/7064456/"
"遇见未知的自己","张德芬","249","8.1","http://book.douban.com/subject/2340100/"
"把时间当作朋友","李笑来","248","8.6","http://book.douban.com/subject/3609132/"
"轻公司","李黎","320","7.7","http://book.douban.com/subject/3793884/"
"众包","杰夫・豪","239","7.4","http://book.douban.com/subject/3717165/"
"维基经济学","[加] 唐・泰普斯科特","296","7.2","http://book.douban.com/subject/2265341/"
"世界是平的","[美] 托马斯・弗里德曼","429","7.7","http://book.douban.com/subject/1867642/"
"万历十五年","[美] 黄仁宇","320","8.9","http://book.douban.com/subject/1041482/"
"中国历代政治得失","钱穆","180","9.4","http://book.douban.com/subject/10434849/"
"为什么常识会撒谎","史蒂文・兰兹伯格","241","7.3","http://book.douban.com/subject/4931694/"
"社会性动物","Elliot Aronson","379","9.1","http://book.douban.com/subject/2328458/"
"别做正常的傻瓜","奚恺元","238","8.2","http://book.douban.com/subject/1874488/"
"决策与判断","斯科特・普劳斯","259","8.6","http://book.douban.com/subject/1193621/"
"敏捷迭代开发","[美]CraigLarman","297","7.6","http://book.douban.com/subject/1194596/"
"敏捷估计与规划","[美] Mike Cohn","288","8.5","http://book.douban.com/subject/2188111/"
"UML基础、案例与应用","施穆勒","328","7.7","http://book.douban.com/subject/1231142/"
"人件","Tom DeMarco","354","8.3","http://book.douban.com/subject/1108725/"
"罗伯特议事规则","[美] 亨利・罗伯特(Henry M. Robert)","582","8.8","http://book.douban.com/subject/3053894/"
"跨越鸿沟","[美] 杰弗里・摩尔(Geoffrey A. Moore)","251","8.4","http://book.douban.com/subject/3320425/"
"可用性工程","尼尔森","227","8.0","http://book.douban.com/subject/1185932/"
"妙手回春","(美)Steve Krug","158","7.6","http://book.douban.com/subject/4926083/"
"GUI设计禁忌","约翰逊","434","7.3","http://book.douban.com/subject/1268619/"
"交互设计之路","库帕","230","8.0","http://book.douban.com/subject/1493316/"
"情感化设计","[美] Donald A.Norman；","206","8.0","http://book.douban.com/subject/1314262/"
"胜于言传","[英] 瑞蒂希 (Redish.J.)","250","8.1","http://book.douban.com/subject/3742366/"
"一目了然","ROBERT HOEKMAN","187","7.7","http://book.douban.com/subject/2298856/"
"用户体验的要素","Jesse James Garrett","167","8.2","http://book.douban.com/subject/2297549/"
"哈佛商学院启示录","丘凯怡","111","8.5","http://book.douban.com/subject/1144530/"
"市场营销原理","（美）菲利普.科特勒（Philip Kotler）等","467","8.8","http://book.douban.com/subject/1913066/"
"Excel图表之道","刘万祥","240","9.0","http://book.douban.com/subject/4326057/"
"我看电商","黄若","268","8.5","http://book.douban.com/subject/24714655/"
"JavaScript语言精髓与编程实践","周爱民","456","8.7","http://book.douban.com/subject/10542576/"
"不懂项目管理，还敢拼职场","李治","248","7.9","http://book.douban.com/subject/6404010/"
"设计网事","千鸟","264","7.6","http://book.douban.com/subject/4233474/"
"创业者对话创业者","","","7.6","http://book.douban.com/subject/4860450/"
"我为什么要投资你","李晓艳","271","6.8","http://book.douban.com/subject/10571271/"
"掘金黑客","［美］凯文・保尔森","272","7.7","http://book.douban.com/subject/19975498/"
"中国字体设计人：一字一生","廖洁连","247","8.7","http://book.douban.com/subject/11542961/"
"创意，是一笔灵魂交易","[美]朱莉娅卡梅伦（Julia Cameron）","252","8.6","http://book.douban.com/subject/11517171/"
"大数据","Anand Rajaraman","258","7.8","http://book.douban.com/subject/19934150/"
"蓝海战略","(韩)W.钱金","264","7.9","http://book.douban.com/subject/1484542/"
"水平营销","陈燕茹","188","7.9","http://book.douban.com/subject/1068884/"
"大话移动通信","丁奇","304","8.7","http://book.douban.com/subject/6876925/"
"美第奇效应","弗朗斯・约翰松","263","7.6","http://book.douban.com/subject/1808521/"
"产品经理实战手册","王欣","181","6.6","http://book.douban.com/subject/1443439/"
"Web信息架构(第3版)","Peter Morville","508","8.2","http://book.douban.com/subject/3169342/"
"统计数字会撒谎","[美] 达莱尔・哈夫","154","7.5","http://book.douban.com/subject/3595095/"
"黑天鹅","纳西姆尼古拉斯塔勒布 (Nassim Nicholas Taleb)","375","8.2","http://book.douban.com/subject/6854525/"
"软件人才管理的艺术","Michael Lopp","190","8.1","http://book.douban.com/subject/4999476/"
"高效人士的116个IT秘笈","Gina Trapani","356","6.9","http://book.douban.com/subject/5253765/"
"质量・软件・管理（第1卷）","杰拉尔德温伯格","412","8.6","http://book.douban.com/subject/1170016/"
"赢在用户","[美]Steve Mulder","195","8.0","http://book.douban.com/subject/2157554/"
"软件观念革命","[美] Alan Cooper","538","8.5","http://book.douban.com/subject/1392475/"
"金融可以颠覆历史","王巍","","7.0","http://book.douban.com/subject/24705392/"
"正在发生的未来","刘德寰","268","6.9","http://book.douban.com/subject/10575969/"
"硅谷最受欢迎的情商课","[新] 陈一鸣","228","7.9","http://book.douban.com/subject/24700106/"
"如何管理设计流程","[美]特里・李・斯通","208","8.5","http://book.douban.com/subject/10514062/"
"程序设计实践","Brian W. Kernighan      Rob Pike","329","8.7","http://book.douban.com/subject/6524000/"
"产品经理的第二本书","[美] 哥乔斯","237","7.6","http://book.douban.com/subject/1082734/"
"产品经理的第一本书","林达・哥乔斯","247","7.2","http://book.douban.com/subject/1159373/"
"公司进化论","[美]杰弗里.摩尔","237","7.9","http://book.douban.com/subject/2124330/"
"Photoshop+Illustrator完美创意设计","[韩]全相炫","469","9.0","http://book.douban.com/subject/3621525/"
"从优秀到卓越","[美] 吉姆・柯林斯","292","8.1","http://book.douban.com/subject/1059769/"
"理科生的人生设计指南","（日） 坪田一男","236","7.5","http://book.douban.com/subject/24733738/"
"项目经理案头手册","刘易斯","317","8.5","http://book.douban.com/subject/3350772/"
"免费","[美] 克里斯・安德森","307","7.6","http://book.douban.com/subject/3932520/"
"企业形象设计之助手","陈青","288","6.9","http://book.douban.com/subject/1097934/"
"设计创意流程","","189","7.1","http://book.douban.com/subject/3519858/"
"个性化网页设计与鉴赏","梁景红","207","7.3","http://book.douban.com/subject/1414865/"
"JavaScript编程精解","Marijn Haverbeke","176","8.0","http://book.douban.com/subject/19933548/"
"深入理解软件构造系统","Peter Smith","406","","http://book.douban.com/subject/10769838/"
"引人入胜","Lynda Felder","188","7.2","http://book.douban.com/subject/19933455/"
"天才引导的历程","William Dunham","322","8.8","http://book.douban.com/subject/20453160/"
"C#与.NET 3.5高级程序设计","特罗尔森","1107","8.7","http://book.douban.com/subject/3563971/"
".NET高级调试","Mario Hewardt","379","8.0","http://book.douban.com/subject/5346548/"
"设计模式","王翔","652","8.4","http://book.douban.com/subject/3288728/"
"WCF全面解析（上下册）","蒋金楠","1136","8.1","http://book.douban.com/subject/10733306/"
"C#本质论","米凯利斯","694","8.6","http://book.douban.com/subject/5243513/"
"深入浅出WPF","刘铁猛","288","8.3","http://book.douban.com/subject/4935260/"
"深入理解C#（第2版）","Jon Skeet","445","9.2","http://book.douban.com/subject/7055340/"
"武侠，从牛A到牛C","大脸撑在小胸上(李汀)","323","8.4","http://book.douban.com/subject/4118599/"
"神一样的产品经理","闫荣","467","7.5","http://book.douban.com/subject/10769591/"
"深入浅出CoffeeScript","[英] Trevor Burnham","104","7.7","http://book.douban.com/subject/10599786/"
"我是一只IT小小鸟","胡江堂","284","7.7","http://book.douban.com/subject/4006425/"
"别说你懂心理学","","272","8.2","http://book.douban.com/subject/10757907/"
"知道力","孙继滨","216","7.8","http://book.douban.com/subject/5415964/"
"如何管理软件企业","林锐","230","7.7","http://book.douban.com/subject/4178846/"
"一页纸IT项目管理","Clark A.Campbell","116","7.1","http://book.douban.com/subject/4291404/"
"网络营销实训","珀尔曼","160","7.7","http://book.douban.com/subject/4918067/"
"爆发","[美] 艾伯特-拉斯洛・巴拉巴西","310","6.3","http://book.douban.com/subject/10769712/"
"流量的秘密","Brian Clifton","486","7.8","http://book.douban.com/subject/10733001/"
"三双鞋","[美] 谢家华","208","8.3","http://book.douban.com/subject/5302113/"
"经济学原理","[美] N.格里高利・曼昆","363","9.3","http://book.douban.com/subject/3719531/"
"经济学原理","[美] N.格里高利・曼昆","540","9.4","http://book.douban.com/subject/3719533/"
"管人的真理","[美] 斯蒂芬・P. 罗宾斯","211","7.9","http://book.douban.com/subject/1018540/"
"营销管理","[美] 菲利普・科特勒","839","9.1","http://book.douban.com/subject/1894695/"
"竞争战略","迈克尔波特 (Michael E. Porter)","359","8.7","http://book.douban.com/subject/1435909/"
"管理的实践","[美] 彼得・德鲁克","322","8.9","http://book.douban.com/subject/1457028/"
"别独自用餐","[美] 基思・法拉奇","286","8.1","http://book.douban.com/subject/5344908/"
"麦田里的守望者","(美)J.D.塞林格","231","8.2","http://book.douban.com/subject/4286204/"
"基业长青","[美] 詹姆斯・柯林斯","317","8.3","http://book.douban.com/subject/1022936/"
"苹果狂潮","[美] Brian X. Chen","176","7.0","http://book.douban.com/subject/10555212/"
"任天堂传奇","[美]斯隆","209","6.4","http://book.douban.com/subject/10482130/"
"App创富传奇","Chris Stevens","167","6.7","http://book.douban.com/subject/21334292/"
"营销十法","马西森","222","7.0","http://book.douban.com/subject/6889439/"
"人人都有好工作","Andy Lester","300","7.7","http://book.douban.com/subject/5998157/"
"写给大家看的项目管理书","Gregory M.Horine","272","6.8","http://book.douban.com/subject/6011928/"
"网站设计解构","[美] Robert Hoekman,Jr.","196","7.4","http://book.douban.com/subject/4926708/"
"锦绣蓝图","[美] 沃德科 (Christina Wodtke)","235","8.0","http://book.douban.com/subject/4076216/"
"短!微讯息时代写作的艺术","[美]ChristopherJohnson","205","6.1","http://book.douban.com/subject/11516592/"
"误区","Thomas Kida","247","7.7","http://book.douban.com/subject/6432905/"
"赢在设计","[美] 洛芙迪 (Lance Loveday)","187","8.0","http://book.douban.com/subject/4924293/"
"筑巢引凤","[美] Joshua Porter","196","7.6","http://book.douban.com/subject/5290566/"
"项目管理修炼之道","罗斯曼(Johanna Rothman)","257","8.3","http://book.douban.com/subject/4058336/"
"写给大家看的色彩书1","梁景红（Relen）  编著","215","8.3","http://book.douban.com/subject/5914791/"
"写给大家看的PPT设计书","Robin Williams","153","7.7","http://book.douban.com/subject/6392682/"
"瞬间之美","[美] Robert Hoekman, Jr.","226","8.1","http://book.douban.com/subject/3886044/"
"亲爱的界面","[瑞士] Lukas Mathis","236","8.0","http://book.douban.com/subject/20278578/"
"我是设计师","刘　松","203","6.9","http://book.douban.com/subject/11516311/"
"星期三是蓝色的","（英）丹尼尔塔米特","256","8.1","http://book.douban.com/subject/6862941/"
"第五项修炼","彼得・圣吉","455","8.9","http://book.douban.com/subject/4051739/"
"Scrum敏捷项目管理","Ken Schwaber","167","7.5","http://book.douban.com/subject/2327024/"
"目标","艾利・高德拉特","383","8.7","http://book.douban.com/subject/1464593/"
"异类","[美] 马尔科姆・格拉德威尔","259","7.8","http://book.douban.com/subject/3688489/"
"决断2秒间","(美)马尔科姆・格拉德韦尔","265","6.9","http://book.douban.com/subject/2014130/"
"战胜拖拉","[美] 尼尔・菲奥里","183","8.0","http://book.douban.com/subject/3149514/"
"解析极限编程","Kent Beck","167","7.9","http://book.douban.com/subject/6828074/"
"思维导图","东尼・博赞","292","7.4","http://book.douban.com/subject/3691437/"
"尽管去做","(美) 戴维q艾伦","305","8.1","http://book.douban.com/subject/1085660/"
"佛陀与想太多的猪 1","[日] 小泉吉宏","205","8.0","http://book.douban.com/subject/24732964/"
"你的灯亮着吗?","唐纳德高斯","121","8.2","http://book.douban.com/subject/1135754/"
"清醒思考的艺术","[德]罗尔夫・多贝里","215","7.8","http://book.douban.com/subject/20492550/"
"未来是湿的","[美] 克莱・舍基","206","7.6","http://book.douban.com/subject/3735295/"
"自控力","[美]  凯利・麦格尼格尔","263","8.3","http://book.douban.com/subject/10786473/"
"长尾理论","[美] 克里斯・安德森","235","7.7","http://book.douban.com/subject/1919072/"
"摇摆","(美)奥瑞・布莱福曼//罗姆・布莱福曼|译者","204","7.6","http://book.douban.com/subject/6776713/"
"光环效应","[美] 罗森维 (Phil Rosenzweig)","202","8.3","http://book.douban.com/subject/2249558/"
"深入浅出Web设计（中文版）","","451","7.8","http://book.douban.com/subject/5992735/"
"深入浅出面向对象分析与设计（中文版）","Brett McLaughlin","589","8.6","http://book.douban.com/subject/3530721/"
"Head First HTML与CSS、XHTML（中文版）","Elisabeth Freeman","658","8.9","http://book.douban.com/subject/3040870/"
"深入浅出PMP（中文版）","","644","7.8","http://book.douban.com/subject/4209569/"
"UML和模式应用","拉曼","500","8.2","http://book.douban.com/subject/1792387/"
"疯狂实验史","[瑞士]雷托・U・施奈德","299","8.2","http://book.douban.com/subject/3732346/"
"吃的真相","云无心","273","7.9","http://book.douban.com/subject/4121562/"
"PPT演示之道","孙小小","176","7.8","http://book.douban.com/subject/4273386/"
"聚联网","丽莎・甘斯基","229","6.9","http://book.douban.com/subject/10354422/"
"首先，要学会说话","尼古劳斯・B.恩克尔曼","152","6.9","http://book.douban.com/subject/3043737/"
"PPT演绎","Cliff Atkinson","324","7.3","http://book.douban.com/subject/4134842/"
"视觉新作","文森特","253","8.6","http://book.douban.com/subject/2238449/"
"聚焦用户","胡飞","228","7.3","http://book.douban.com/subject/4091981/"
"设计师式认知","[英]Nigel Cross","212","7.6","http://book.douban.com/subject/21965490/"
"服务设计","罗仕鉴","240","6.9","http://book.douban.com/subject/6530187/"
"认知 设计意味着商机","（美）海施","95","6.9","http://book.douban.com/subject/3326107/"
"疯狂科学家大本营","〔美〕迈克尔贝尔菲奥尔（Michael Belfiore）","272","7.6","http://book.douban.com/subject/10749372/"
"你以为你是你，其实你不是你","伊莱亚斯・阿布加欧德","292","7.2","http://book.douban.com/subject/21361316/"
"SQL Cookbook中文版","（美）莫利纳罗 著","502","8.0","http://book.douban.com/subject/2297146/"
"这些道理没有人告诉过你","杨萃先","366","8.1","http://book.douban.com/subject/19941515/"
"金领简历","[美] Gayle Laakmann McDowell","220","7.6","http://book.douban.com/subject/10779571/"
"谁是谷歌想要的人才","[美]威廉庞德斯通","256","7.3","http://book.douban.com/subject/21329264/"
"剑指Offer","何海涛","260","8.4","http://book.douban.com/subject/6966465/"
"Getting Real","Jason Fried","194","9.1","http://book.douban.com/subject/3567853/"
"Effective C# 中文版改善C#程序的50种方法","Bill Wagner","304","8.2","http://book.douban.com/subject/2054931/"
"代码整洁之道","[美]Robert C. Martin","388","8.5","http://book.douban.com/subject/4199741/"
"理解专业程序员","（美）杰拉尔德・温伯格（GeraldM.Weinberg）","182","8.2","http://book.douban.com/subject/1866824/"
"系统程序员成长计划","李先静","272","7.9","http://book.douban.com/subject/4722708/"
"梦断代码","Scott Rosenberg","336","7.9","http://book.douban.com/subject/3142280/"
"程序开发心理学","（美）杰拉尔德・温伯格","424","8.3","http://book.douban.com/subject/1141154/"
"银河系漫游指南","[英] 道格拉斯・亚当斯","191","8.9","http://book.douban.com/subject/1394364/"
"设计心理学3","唐纳德A诺曼(Donald Arthur Norman)","258","8.2","http://book.douban.com/subject/10550576/"
"设计心理学2","[美] 唐纳德・A・诺曼","270","8.1","http://book.douban.com/subject/6750510/"
"设计心理学","[美]唐纳德・A・诺曼","271","8.2","http://book.douban.com/subject/4606471/"
"盲目心理学","玛格丽特・赫夫曼","272","7.0","http://book.douban.com/subject/24371637/"
"交互设计沉思录","Jon Kolko","202","7.9","http://book.douban.com/subject/19934344/"
"SQL反模式","卡尔文","253","8.5","http://book.douban.com/subject/6800774/"
"Hadoop实战","Chuck Lam","253","7.8","http://book.douban.com/subject/6859710/"
"创意","（美）詹姆斯・韦伯・扬","129","8.3","http://book.douban.com/subject/1193831/"
"点石成金","[美] 史蒂夫・克鲁克","147","8.5","http://book.douban.com/subject/1827702/"
"产品经理修炼之道","费杰","208","6.4","http://book.douban.com/subject/11445674/"
"吃掉IT大象","霍普金斯","163","","http://book.douban.com/subject/3519300/"
"像拍电影一样做软件","皮尔斯","225","","http://book.douban.com/subject/3932398/"
"测试之美","Tim Riley","316","7.0","http://book.douban.com/subject/4805950/"
"数据之美","Toby Segaran","354","7.4","http://book.douban.com/subject/5269219/"
"数据可视化之美","Julie Steele","357","7.8","http://book.douban.com/subject/6439420/"
"敏捷开发的艺术","James Shore","448","8.3","http://book.douban.com/subject/4037534/"
"Web表单设计","[美] Luke Wroblewski","220","8.4","http://book.douban.com/subject/4886100/"
"假装的艺术","[美] 劳伦斯・怀特德-弗莱","176","6.5","http://book.douban.com/subject/5321843/"
"项目管理知识体系指南","Project Management Institute（项目管理协会）","488","8.6","http://book.douban.com/subject/3741218/"
"项目管理之美","Scott Berkun","358","8.0","http://book.douban.com/subject/3668161/"
"浩荡两千年","吴晓波","320","8.7","http://book.douban.com/subject/6980818/"
"跌荡一百年（下）","吴晓波","303","8.6","http://book.douban.com/subject/4010186/"
"跌荡一百年（上）","吴晓波","291","8.6","http://book.douban.com/subject/3313327/"
"激荡三十年（下）","吴晓波","327","8.9","http://book.douban.com/subject/2380307/"
"大败局Ⅱ","吴晓波","249","8.5","http://book.douban.com/subject/2064450/"
"大败局","吴晓波","347","8.3","http://book.douban.com/subject/1072438/"
"跨界战","沈国梁","272","7.5","http://book.douban.com/subject/4827221/"
"需求","[美] 亚德里安斯莱沃斯基（Adrian J. Slywotzky）","380","7.8","http://book.douban.com/subject/22229485/"
"你以为你以为的就是你以为的吗","[英]  朱利安巴吉尼, 杰里米斯唐鲁姆","208","6.8","http://book.douban.com/subject/10517695/"
"敏捷技能修炼","Alan Shalloway","204","7.8","http://book.douban.com/subject/11614307/"
"新产品开发流程管理","罗伯特・G・库珀","373","7.3","http://book.douban.com/subject/4233488/"
"团队之美","Andrew Stellman","449","7.9","http://book.douban.com/subject/4803982/"
".NET软件架构之美","Dino Esposito","456","7.3","http://book.douban.com/subject/3993533/"
"架构之美","Till Adam","366","7.1","http://book.douban.com/subject/4086029/"
"代码之美","Grey Wilson","599","7.9","http://book.douban.com/subject/3224524/"
"滚雪球","[美]艾丽斯・施罗德","760","7.7","http://book.douban.com/subject/3605924/"
"新产品开发流程管理","罗伯特・G.库珀","354","","http://book.douban.com/subject/22846043/"
"培养你周围的领导力","约翰・马克斯韦尔","184","","http://book.douban.com/subject/1491846/"
"感悟福特","戴维・麦吉","194","","http://book.douban.com/subject/1396501/"
"软件架构师职业导读","(美国)休厄尔等著、蒋慧等译","139","7.4","http://book.douban.com/subject/1106124/"
"信任的速度","(美)史蒂芬・M・R・柯维","379","7.6","http://book.douban.com/subject/3175541/"
"木马战略","(美)伯恩德H.施米特","215","","http://book.douban.com/subject/3265308/"
"转败为胜(从失败走向成功的领导法)","约翰C马克斯韦尔","268","","http://book.douban.com/subject/1252234/"
"情商：为什么情商比智商更重要","[美]丹尼尔・戈尔曼","353","7.8","http://book.douban.com/subject/4929897/"
"赢","[美] 杰克・韦尔奇","297","8.6","http://book.douban.com/subject/4178328/"
"团队协作的五大障碍","帕特里克・兰西奥尼","203","8.0","http://book.douban.com/subject/4235591/"
"卓有成效的管理者","[美] 彼得・德鲁克","177","8.8","http://book.douban.com/subject/1322025/"
"定位","[美] 艾・里斯","268","8.4","http://book.douban.com/subject/1017180/"
"拖延心理学","[美] 简・博克(Jane B. Burka)","246","8.3","http://book.douban.com/subject/4180711/"
"乌合之众","(法)古斯塔夫.勒庞","183","8.5","http://book.douban.com/subject/1012611/"
"街头生意经","（美）布罗茨基，（美）博林翰","303","8.5","http://book.douban.com/subject/4225644/"
"成为有影响力的人","约翰C马克斯韦尔","252","","http://book.douban.com/subject/1136695/"
"与人共赢","麦克斯韦尔","230","7.6","http://book.douban.com/subject/2025696/"
"领导力21法则","约翰C马克斯韦尔","292","7.9","http://book.douban.com/subject/1043427/"
"刀锋上的舞蹈","姆斯 M. 基尔茨","234","7.7","http://book.douban.com/subject/3196528/"
"领导者准则","史蒂芬.柯维","336","8.0","http://book.douban.com/subject/1022570/"
"世界上最伟大的推销员","[美] 奥格・曼狄诺","245","8.0","http://book.douban.com/subject/1083403/"
"人性的弱点全集","[美] 戴尔・卡耐基","496","8.4","http://book.douban.com/subject/1056295/"
"卡内基沟通与人际关系","(美)戴尔・卡内基|译者","261","8.4","http://book.douban.com/subject/3354670/"
"PPT,要你好看","杨臻","261","8.3","http://book.douban.com/subject/6960889/"
"影响力","[美] 罗伯特・西奥迪尼","353","8.6","http://book.douban.com/subject/1786387/"
"高效能人士的七个习惯（精华版）","[美] 史蒂芬・柯维","286","8.2","http://book.douban.com/subject/1048007/"
"启示录","[美] Marty Cagan","256","8.5","http://book.douban.com/subject/5914587/"
"引爆点","[美] 马尔科姆・格拉德威尔","263","7.8","http://book.douban.com/subject/3900987/"
"测试驱动开发的艺术","Lasse Koskela","348","8.0","http://book.douban.com/subject/5326182/"
"湿营销","汤姆・海斯（Tom Hayes）","232","7.5","http://book.douban.com/subject/4791169/"
"颠覆","Erik Qualman","196","6.9","http://book.douban.com/subject/5355287/"
"别闹了，费曼先生","Richard Feynman","449","8.9","http://book.douban.com/subject/1084257/"
"创新者的解答","（美）克里斯坦森","250","8.9","http://book.douban.com/subject/4822145/"
"创新者的窘境","克莱顿克里斯坦森( Clayton M. Christensen )","252","8.6","http://book.douban.com/subject/4243770/"
"图灵的秘密","Charles Petzold","344","8.9","http://book.douban.com/subject/10779604/"
"天使投资","唐滔","320","7.7","http://book.douban.com/subject/10588815/"
"领域特定语言","Martin Fowler","488","8.6","http://book.douban.com/subject/21964984/"
"SQL Server 2005性能调优","","513","","http://book.douban.com/subject/3746977/"
"ASP.NET MVC 4框架揭秘","蒋金楠","578","7.5","http://book.douban.com/subject/20451667/"
"Google 广告优化与工具","宫鑫","387","7.9","http://book.douban.com/subject/4895658/"
"2小时品牌素养","邓德隆","264","8.5","http://book.douban.com/subject/6798414/"
"公众风潮","查伦・李","321","7.3","http://book.douban.com/subject/4191825/"
"细节营销","柏唯良","250","8.6","http://book.douban.com/subject/3794450/"
"终结营销混乱","杰克・特劳特","192","7.8","http://book.douban.com/subject/4086027/"
"精益创业实战","Ash Maurya","193","8.9","http://book.douban.com/subject/20505765/"
"精益开发实战","克里伯格","168","8.3","http://book.douban.com/subject/11620809/"
"淘宝技术这十年","子柳","252","7.4","http://book.douban.com/subject/24335672/"
"SEO艺术","Eric Enge","580","8.0","http://book.douban.com/subject/10546139/"
"每周工作4小时","蒂莫西・费里斯","352","8.3","http://book.douban.com/subject/10786476/"
"IT创业疯魔史","杰瑞・卡普兰","284","7.5","http://book.douban.com/subject/10545193/"
"CSS权威指南（第三版）","[美] Eric A.Meyer","508","8.5","http://book.douban.com/subject/2308234/"
"鲜活的数据","[美] Nathan Yau","281","7.8","http://book.douban.com/subject/19952397/"
"实例化需求","Gojko Adzic","190","7.7","http://book.douban.com/subject/11611022/"
"高性能MySQL","Baron Schwartz","530","8.7","http://book.douban.com/subject/4241826/"
"JavaScript高级程序设计","Nicholas C. Zakas","670","8.6","http://book.douban.com/subject/1869705/"
"HTTP权威指南","David Gourley","720","8.6","http://book.douban.com/subject/10746113/"
"精益创业","[美] 埃里克・莱斯","272","8.5","http://book.douban.com/subject/10945606/"
"细节决定交互设计的成败","张亮","390","7.2","http://book.douban.com/subject/3639503/"
"About Face 3 交互设计精髓","Alan Cooper","363","8.7","http://book.douban.com/subject/3279105/"
"软件工程","普雷斯曼","702","7.7","http://book.douban.com/subject/1954238/"
"C#高级编程","christian nagel","1473","7.9","http://book.douban.com/subject/5373915/"
"设计心理学","Donald Norman","248","8.2","http://book.douban.com/subject/1288844/"
"他山之石","[美] David Cohen","246","6.8","http://book.douban.com/subject/10757203/"
"推荐系统实践","项　亮","197","8.1","http://book.douban.com/subject/10769749/"
"思考，快与慢","[美] 丹尼尔・卡尼曼","424","8.3","http://book.douban.com/subject/10785583/"
"另外8小时","罗伯特・帕利亚里尼","289","7.2","http://book.douban.com/subject/10535830/"
"编程ING","蔡学镛","303","7.4","http://book.douban.com/subject/11442031/"
"领域驱动设计","埃文斯","369","9.1","http://book.douban.com/subject/5344973/"
"单元测试之道C#版","托马斯","159","7.5","http://book.douban.com/subject/1239654/"
"基于MVC的JavaScript Web富应用开发","麦卡劳(Alex MacCaw)","282","8.4","http://book.douban.com/subject/10733304/"
"Scrum敏捷软件开发","Mike Cohn","474","8.1","http://book.douban.com/subject/5334585/"
"Microsoft .NET Web应用程序性能测试","Microsoft ACE小组","206","","http://book.douban.com/subject/1125507/"
"构建高性能Web站点","郭欣","402","8.6","http://book.douban.com/subject/3924175/"
"我的大脑敞开了","（美）布鲁斯・谢克特","190","8.3","http://book.douban.com/subject/1313462/"
"奇思妙想","Dennis E. Shasha","196","8.1","http://book.douban.com/subject/10432364/"
"学会提问","布朗","269","8.6","http://book.douban.com/subject/1504957/"
"编程匠艺","（美）古德利弗（Goodliffe, P.）著","9787121069802","8.3","http://book.douban.com/subject/3210669/"
"天才在左 疯子在右","高铭","258","8.5","http://book.douban.com/subject/4242172/"
"编程大师访谈录","Susan Lammers","357","7.4","http://book.douban.com/subject/7007204/"
"谣言粉碎机","果壳网","258","7.8","http://book.douban.com/subject/7003354/"
"Hadoop权威指南","Tom White","600","7.8","http://book.douban.com/subject/6523762/"
"统计自然语言处理","宗成庆","475","8.0","http://book.douban.com/subject/3076996/"
"欺诈原理","杰夫・克莱斯勒","227","5.9","http://book.douban.com/subject/6424773/"
"如何成为一个怪物","冯唐","363","7.6","http://book.douban.com/subject/6794016/"
"ASP.NET4权威指南","马伟","783","7.7","http://book.douban.com/subject/5344974/"
"写给大家看的设计书（第3版）","[美] Robin Williams","210","8.6","http://book.douban.com/subject/3323633/"
"设计模式解析","ALAN SHALLOWAY","296","8.3","http://book.douban.com/subject/1850191/"
"信息规则","[美] 卡尔夏皮罗(Carl Shapiro)","300","9.0","http://book.douban.com/subject/1011731/"
"我不是教你诈","刘墉","534","8.4","http://book.douban.com/subject/4918952/"
"像外行一样思考，像专家一样实践――科研成功之道","(日)金出武雄","206","7.9","http://book.douban.com/subject/1867455/"
"布道之道","瑞恩","135","7.6","http://book.douban.com/subject/6990284/"
"软件框架设计的艺术","[捷] Jaroslav Tulach","388","7.9","http://book.douban.com/subject/6003832/"
"认知神经科学","Michael S. Gazzaniga","618","9.2","http://book.douban.com/subject/5937126/"
"当下的力量","[德] 埃克哈特・托利","235","8.4","http://book.douban.com/subject/3413836/"
"少有人走的路","[美] M・斯科特・派克","231","8.4","http://book.douban.com/subject/1775691/"
"行为科学统计","[美] F. J. Gravetter","692","9.3","http://book.douban.com/subject/3171735/"
"持续交付","Jez Humble　David Farley","362","8.4","http://book.douban.com/subject/6862062/"
"为什么大猩猩比专家高明","（美）乔纳莱勒","190","8.5","http://book.douban.com/subject/4263247/"
"柏拉图对话集","（古希腊）柏拉图","780","8.9","http://book.douban.com/subject/1070410/"
"程序开发心理学","(美)Gerald M. Weinberg","619","8.1","http://book.douban.com/subject/4732250/"
"学习之道（第2版）","[美] 乔希・维茨金 (Josh Waitzkin)","190","8.3","http://book.douban.com/subject/2345548/"
"改变心理学的40项研究","罗杰霍克 (Roger R. Hock)","372","9.2","http://book.douban.com/subject/5248516/"
"这就是搜索引擎","张俊林","300","8.1","http://book.douban.com/subject/7006719/"
"互联网创业启示录","沃尔什","367","7.1","http://book.douban.com/subject/6954094/"
"科技想要什么","[美] 凯文・凯利","365","8.4","http://book.douban.com/subject/6965746/"
"禅与摩托车维修艺术","[美]罗伯特・M.波西格","377","8.5","http://book.douban.com/subject/6811366/"
"公司绝不会告诉你的50大秘密","辛西娅・夏皮罗","250","7.6","http://book.douban.com/subject/3795336/"
"进化的大脑","[美]戴维・J・林登","226","8.6","http://book.douban.com/subject/4032570/"
"领域驱动设计","埃文斯","528","8.3","http://book.douban.com/subject/2208595/"
"WPF揭秘","","486","7.9","http://book.douban.com/subject/3062309/"
"LINQ实战","Fabrice Marguerie","440","8.3","http://book.douban.com/subject/3810446/"
"第五项修炼","[美] 彼得・圣吉","429","8.5","http://book.douban.com/subject/1045862/"
"Inside Jokes","Matthew M. Hurley","376","","http://book.douban.com/subject/6400220/"
"激荡三十年（上）","吴晓波","297","8.8","http://book.douban.com/subject/1970428/"
"东方快车谋杀案","[英] 阿加莎・克里斯蒂","254","9.0","http://book.douban.com/subject/1827374/"
"坚不可摧","[美] 劳拉・希伦布兰德","398","8.8","http://book.douban.com/subject/6724865/"
"信息论基础","Thomas M.Cover","572","8.7","http://book.douban.com/subject/1141201/"
"控制论","[美] 维纳","168","8.8","http://book.douban.com/subject/2356843/"
"雪崩","（美）斯蒂芬森","547","8.1","http://book.douban.com/subject/3816895/"
"黑客","Steven Levy","352","8.4","http://book.douban.com/subject/6860890/"
"计算机程序的构造和解释","Harold Abelson","473","9.5","http://book.douban.com/subject/1148282/"
"如何阅读一本书","[美] 莫提默・J. 艾德勒","376","8.6","http://book.douban.com/subject/1013208/"
"修改代码的艺术","Michael Feathers","384","8.2","http://book.douban.com/subject/2248759/"
"卓有成效的程序员","Neal Ford","215","8.1","http://book.douban.com/subject/3558788/"
"Microsoft SQL Server 2008技术内幕：T-SQL查询","本・甘（ItzikBen-Gan）","9787121117350","9.0","http://book.douban.com/subject/5273965/"
"jQuery实战","Bear Bibeault","264","8.1","http://book.douban.com/subject/3446112/"
"Microsoft.NET框架程序设计","Jeffrey Richter","596","9.1","http://book.douban.com/subject/1141221/"
"WCF技术剖析（卷1）","蒋金楠","9787121089985","8.2","http://book.douban.com/subject/3843884/"
"lucene in action中文版","(美)Otis Gospodnetic;Erik Hatcher","393","7.5","http://book.douban.com/subject/1962641/"
"设计模式","伽玛","9787111211266","9.0","http://book.douban.com/subject/2111801/"
"微软.NET程序的加密与解密","单海波","339","7.4","http://book.douban.com/subject/3274597/"
"CSS禅意花园","[美] Dave Shea","273","8.5","http://book.douban.com/subject/2052176/"
"Head First 设计模式","弗里曼","637","9.3","http://book.douban.com/subject/2243615/"
"银河系搭车客指南","[英] 道格拉斯・亚当斯","279","8.8","http://book.douban.com/subject/6265745/"
"集体智慧编程","TOBY SEGARAN","334","9.0","http://book.douban.com/subject/3288908/"
"Excel 2010 VBA编程与实践","罗刚君","585","7.6","http://book.douban.com/subject/5380979/"
"视频技术手册","杰克","665","","http://book.douban.com/subject/3877450/"
"科学的边角余料","阿溟","240","7.0","http://book.douban.com/subject/6254931/"
"维特根斯坦传","[英] 瑞・蒙克","674","9.1","http://book.douban.com/subject/6152040/"
"数字图像处理","冈萨雷斯","473","8.4","http://book.douban.com/subject/1444801/"
"模式分类","Richard O. Duda","530","8.9","http://book.douban.com/subject/1138189/"
"模式识别","西奥多里德斯","551","7.6","http://book.douban.com/subject/1964201/"
"计算机视觉","David A.Forsyth","600","7.7","http://book.douban.com/subject/1246238/"
"大话数据结构","程杰","440","8.1","http://book.douban.com/subject/6424904/"
"神秘岛（全三册）","(法)儒勒・凡尔纳","712","9.2","http://book.douban.com/subject/2215160/"
"虚拟机","史密斯","638","8.1","http://book.douban.com/subject/1885761/"
"维基大战前传I","[澳] 赛利特・德累福斯","328","7.7","http://book.douban.com/subject/5923912/"
"Open GL编程指南","[美] Dave Shreiner [等]","513","8.6","http://book.douban.com/subject/1842456/"
"混沌与秩序","[德] 弗里德里希・克拉默","320","8.5","http://book.douban.com/subject/4742986/"
"三体X","宝树","209","7.3","http://book.douban.com/subject/6265750/"
"编程人生","Peter Seibel","473","8.4","http://book.douban.com/subject/5355285/"
"编程卓越之道","Hyde R","445","8.2","http://book.douban.com/subject/1760738/"
"埃舍尔大师图典","埃舍尔","239","9.1","http://book.douban.com/subject/1061004/"
"寻路中国","[美] 彼得・海斯勒","426","9.0","http://book.douban.com/subject/5414391/"
"观止-微软创建NT和未来的夺命狂奔","G.Pascal Zachary","203","7.9","http://book.douban.com/subject/3699395/"
"百年孤独","[哥伦比亚] 加西亚・马尔克斯","385","8.9","http://book.douban.com/subject/1786670/"
"神经网络设计","戴葵","463","8.8","http://book.douban.com/subject/1115600/"
"不去会死！","[日] 石田裕辅","318","8.2","http://book.douban.com/subject/4618225/"
"当彩色的声音尝起来是甜的","科学松鼠会 编著","273","8.3","http://book.douban.com/subject/3392046/"
